<?xml version="1.0" encoding="utf-8"?>
<rss version="2.0" xmlns:sparkle="http://www.andymatuschak.org/xml-namespaces/sparkle" xmlns:dc="http://purl.org/dc/elements/1.1/">
    <channel>
        <title>My App Updates</title>
        <link>http://example.com/updates</link>
        <description>Most recent changes with links to updates.</description>
        <language>en</language>
        <item>
            <title>Version 1.1</title>
            <sparkle:releaseNotesLink>http://example.com/release_notes/1.1.html</sparkle:releaseNotesLink>
            <pubDate>Tue, 20 Apr 2021 12:00:00 +0000</pubDate>
            <enclosure url="file:///path/to/your/app-1.1.zip" sparkle:version="1.1" length="1048576" type="application/octet-stream"/>
            <sparkle:minimumSystemVersion>10.10</sparkle:minimumSystemVersion>
        </item>
    </channel>
</rss>
